{
    "lag_0": {
        "r": 0.4181254506111145,
        "p_value": 0.02148604206740856,
        "significant": true,
        "n_days": 30
    },
    "lag_1": {
        "r": 0.461007297039032,
        "p_value": 0.010348157957196236,
        "significant": true,
        "n_days": 30
    },
    "lag_2": {
        "r": 0.4250395894050598,
        "p_value": 0.019212670624256134,
        "significant": true,
        "n_days": 30
    },
    "lag_3": {
        "r": 0.38697949051856995,
        "p_value": 0.03463426232337952,
        "significant": true,
        "n_days": 30
    }
}