{
  "PM2.5": {
    "RMSE": 20.198507514431526,
    "MAE": 15.261504173278809,
    "R2": 0.6035966277122498,
    "Pearson_r": 0.8348027467727661,
    "Pearson_p": 0.0,
    "Within_R2": 0.32973963022232056,
    "N_samples": 1473,
    "XGB_active": true
  },
  "PM10": {
    "RMSE": 32.17701778650117,
    "MAE": 24.158178329467773,
    "R2": 0.6227517127990723,
    "Pearson_r": 0.810002326965332,
    "Pearson_p": 0.0,
    "Within_R2": 0.31778568029403687,
    "N_samples": 1474,
    "XGB_active": true
  },
  "NO2": {
    "RMSE": 8.112534100618094,
    "MAE": 5.044950485229492,
    "R2": 0.7670435905456543,
    "Pearson_r": 0.876059889793396,
    "Pearson_p": 0.0,
    "Within_R2": 0.17102642357349396,
    "N_samples": 1474,
    "XGB_active": true
  },
  "SO2": {
    "RMSE": 3.145766419631681,
    "MAE": 2.04429292678833,
    "R2": 0.678803026676178,
    "Pearson_r": 0.8247711062431335,
    "Pearson_p": 0.0,
    "Within_R2": 0.22852350771427155,
    "N_samples": 1475,
    "XGB_active": true
  },
  "O3": {
    "RMSE": 14.465285741289332,
    "MAE": 9.703248023986816,
    "R2": 0.6323874592781067,
    "Pearson_r": 0.7979983687400818,
    "Pearson_p": 0.0,
    "Within_R2": 0.13996365666389465,
    "N_samples": 1477,
    "XGB_active": true
  },
  "CO": {
    "RMSE": 0.3828612705226291,
    "MAE": 0.22903740406036377,
    "R2": 0.3595104217529297,
    "Pearson_r": 0.6154589056968689,
    "Pearson_p": 0.0,
    "Within_R2": 0.12003720551729202,
    "N_samples": 1467,
    "XGB_active": true
  }
}