{
    "percentiles": {
        "50th": 0.00015044248721096665,
        "75th": 0.00019885661822627299,
        "90th": 0.000247864008997567,
        "95th": 0.00028001886676065624,
        "99th": 0.00034773521474562585
    },
    "global_min": -0.00016467005480080843,
    "global_max": 0.0006590613047592342,
    "global_mean": 0.00015598812024109066,
    "global_std": 7.11739412508905e-05,
    "monthly_mean_scalars": {
        "Oct": 0.00016117664927151054,
        "Nov": 0.00017111029592342675,
        "Dec": 0.00015637169417459518,
        "Jan": 0.00012782649719156325
    }
}