{
    "method_A_percentile95": 0.00027600349621786696,
    "method_B_MAD": 0.00034679044620133936,
    "method_C_literature": 0.0004,
    "median_hcho": 0.00015044248721096665,
    "mad_value": 4.4144959247205406e-05
}