{
  "PM2.5": 921.2291870117188,
  "PM10": 1500.7923583984375,
  "NO2": 867.9608764648438,
  "SO2": 359.33721923828125,
  "O3": 366.9281311035156,
  "CO": 11.445833206176758
}